rsid,effect,SE,a1,a2,a1_freq,p-value,Units,Gene,n
rs10767664,0.19,0.030612245,A,T,0.78,5.00E-26,kg/m2,BDNF,225238
rs13078807,0.1,0.020408163,G,A,0.2,4.00E-11,kg/m2,CADM2,221431
rs1514175,0.07,0.020408163,A,G,0.43,8.00E-14,kg/m2,TNNI3K,207641
rs1558902,0.39,0.020408163,A,T,0.42,5.00E-120,kg/m2,FTO,222476
rs10968576,0.11,0.020408163,G,A,0.31,3.00E-13,kg/m2,LRRN6C,247166
rs2241423,0.13,0.020408163,G,A,0.78,1.00E-18,kg/m2,LBXCOR1,227886
rs3817334,0.06,0.020408163,T,C,0.41,2.00E-12,kg/m2,CUGBP1,209051
rs4771122,0.09,0.030612245,G,A,0.24,9.00E-10,kg/m2,GTF3A,218439
rs10150332,0.13,0.030612245,C,T,0.21,3.00E-11,kg/m2,NRXN3,209849
rs206936,0.06,0.020408163,G,A,0.21,3.00E-08,kg/m2,HMGA1,220081
rs2112347,0.1,0.020408163,T,G,0.63,2.00E-13,kg/m2,FLJ35779,224896
rs2287019,0.15,0.030612245,C,T,0.8,2.00E-16,kg/m2,GIPR,243455
rs7359397,0.15,0.020408163,T,C,0.4,2.00E-20,kg/m2,AC138894.2,248894
rs4929949,0.06,0.020408163,C,T,0.52,3.00E-09,kg/m2,RPL27A,219230
rs987237,0.13,0.030612245,G,A,0.18,3.00E-20,kg/m2,TFAP2B,223613
rs3810291,0.09,0.020408163,A,G,0.67,2.00E-12,kg/m2,TMEM160,215399
rs713586,0.14,0.020408163,C,T,0.47,6.00E-22,kg/m2,ADCY3,226916
rs7138803,0.12,0.020408163,A,G,0.38,2.00E-17,kg/m2,FAIM2,220995
rs543874,0.22,0.030612245,G,A,0.19,4.00E-23,kg/m2,SEC16B,227891
rs1555543,0.06,0.020408163,C,A,0.59,4.00E-10,kg/m2,PTBP2,230568
rs9816226,0.14,0.030612245,T,A,0.82,2.00E-18,kg/m2,ETV5,213436
rs2867125,0.31,0.030612245,C,T,0.83,3.00E-49,kg/m2,TMEM18,208254
rs12444979,0.17,0.030612245,C,T,0.87,3.00E-21,kg/m2,GPRC5B,243616
rs29941,0.06,0.020408163,G,A,0.67,3.00E-09,kg/m2,KCTD15,232577
rs887912,0.1,0.020408163,T,C,0.29,2.00E-12,kg/m2,FANCL,214757
rs10938397,0.18,0.020408163,G,A,0.43,4.00E-31,kg/m2,GNPDA2,219494
rs11847697,0.17,0.051020408,T,C,0.04,6.00E-11,kg/m2,PRKD1,221777
rs2815752,0.13,0.020408163,A,G,0.61,2.00E-22,kg/m2,NEGR1,239144
rs2890652,0.09,0.030612245,C,T,0.18,1.00E-10,kg/m2,LRP1B,247375
rs571312,0.23,0.030612245,A,C,0.24,6.00E-42,kg/m2,MC4R,228220